<ImportExportXml version="9.2.24112.158" SolutionPackageVersion="9.2" languagecode="1033" generatedBy="CrmLive" xmlns:xsi="http://www.w3.org/2001/XMLSchema-instance" OrganizationVersion="9.2.24112.158" OrganizationSchemaType="Standard" CRMServerServiceabilityVersion="9.2.24112.00178">
  <SolutionManifest>
    <UniqueName>Podcasterv3</UniqueName>
    <LocalizedNames>
      <LocalizedName description="Podcaster v3" languagecode="1033" />
    </LocalizedNames>
    <Descriptions />
    <Version>1.0.0.1</Version>
    <Managed>0</Managed>
    <Publisher>
      <UniqueName>DefaultPublisherorg37c134b9</UniqueName>
      <LocalizedNames>
        <LocalizedName description="Default Publisher for org37c134b9" languagecode="1033" />
      </LocalizedNames>
      <Descriptions>
        <Description description="Default publisher for this organization" languagecode="1033" />
      </Descriptions>
      <EMailAddress xsi:nil="true"></EMailAddress>
      <SupportingWebsiteUrl xsi:nil="true"></SupportingWebsiteUrl>
      <CustomizationPrefix>new</CustomizationPrefix>
      <CustomizationOptionValuePrefix>10000</CustomizationOptionValuePrefix>
      <Addresses>
        <Address>
          <AddressNumber>1</AddressNumber>
          <AddressTypeCode xsi:nil="true"></AddressTypeCode>
          <City xsi:nil="true"></City>
          <County xsi:nil="true"></County>
          <Country xsi:nil="true"></Country>
          <Fax xsi:nil="true"></Fax>
          <FreightTermsCode xsi:nil="true"></FreightTermsCode>
          <ImportSequenceNumber xsi:nil="true"></ImportSequenceNumber>
          <Latitude xsi:nil="true"></Latitude>
          <Line1 xsi:nil="true"></Line1>
          <Line2 xsi:nil="true"></Line2>
          <Line3 xsi:nil="true"></Line3>
          <Longitude xsi:nil="true"></Longitude>
          <Name xsi:nil="true"></Name>
          <PostalCode xsi:nil="true"></PostalCode>
          <PostOfficeBox xsi:nil="true"></PostOfficeBox>
          <PrimaryContactName xsi:nil="true"></PrimaryContactName>
          <ShippingMethodCode xsi:nil="true"></ShippingMethodCode>
          <StateOrProvince xsi:nil="true"></StateOrProvince>
          <Telephone1 xsi:nil="true"></Telephone1>
          <Telephone2 xsi:nil="true"></Telephone2>
          <Telephone3 xsi:nil="true"></Telephone3>
          <TimeZoneRuleVersionNumber xsi:nil="true"></TimeZoneRuleVersionNumber>
          <UPSZone xsi:nil="true"></UPSZone>
          <UTCOffset xsi:nil="true"></UTCOffset>
          <UTCConversionTimeZoneCode xsi:nil="true"></UTCConversionTimeZoneCode>
        </Address>
        <Address>
          <AddressNumber>2</AddressNumber>
          <AddressTypeCode xsi:nil="true"></AddressTypeCode>
          <City xsi:nil="true"></City>
          <County xsi:nil="true"></County>
          <Country xsi:nil="true"></Country>
          <Fax xsi:nil="true"></Fax>
          <FreightTermsCode xsi:nil="true"></FreightTermsCode>
          <ImportSequenceNumber xsi:nil="true"></ImportSequenceNumber>
          <Latitude xsi:nil="true"></Latitude>
          <Line1 xsi:nil="true"></Line1>
          <Line2 xsi:nil="true"></Line2>
          <Line3 xsi:nil="true"></Line3>
          <Longitude xsi:nil="true"></Longitude>
          <Name xsi:nil="true"></Name>
          <PostalCode xsi:nil="true"></PostalCode>
          <PostOfficeBox xsi:nil="true"></PostOfficeBox>
          <PrimaryContactName xsi:nil="true"></PrimaryContactName>
          <ShippingMethodCode xsi:nil="true"></ShippingMethodCode>
          <StateOrProvince xsi:nil="true"></StateOrProvince>
          <Telephone1 xsi:nil="true"></Telephone1>
          <Telephone2 xsi:nil="true"></Telephone2>
          <Telephone3 xsi:nil="true"></Telephone3>
          <TimeZoneRuleVersionNumber xsi:nil="true"></TimeZoneRuleVersionNumber>
          <UPSZone xsi:nil="true"></UPSZone>
          <UTCOffset xsi:nil="true"></UTCOffset>
          <UTCConversionTimeZoneCode xsi:nil="true"></UTCConversionTimeZoneCode>
        </Address>
      </Addresses>
    </Publisher>
    <RootComponents>
      <RootComponent type="29" id="{12dd9ffb-70a5-ef11-8a69-000d3a8d624e}" behavior="0" />
      <RootComponent type="29" id="{8aeed4cf-a5a6-ef11-8a69-000d3a8d624e}" behavior="0" />
      <RootComponent type="29" id="{ea3e0be0-1ca3-ef11-8a69-000d3a8c4ac7}" behavior="0" />
      <RootComponent type="29" id="{f18e98f3-b7a6-ef11-8a69-000d3a8d624e}" behavior="0" />
      <RootComponent type="300" schemaName="new_podcasterdemov3_418bd" behavior="0" />
      <RootComponent type="401" id="{0f0680e0-be08-4533-9247-3179dac71767}" behavior="0" />
      <RootComponent type="401" id="{2f81f7f5-350f-4e91-8d7b-3ac2af27ae44}" behavior="0" />
    </RootComponents>
    <MissingDependencies>
      <MissingDependency>
        <Required type="1" schemaName="cr19f_styleguide" displayName="StyleGuide" solution="Active" />
        <Dependent type="300" schemaName="new_podcasterdemov3_418bd" displayName="Podcaster Demo v3" />
      </MissingDependency>
      <MissingDependency>
        <Required type="1" schemaName="cr19f_voices" displayName="Voices" solution="Active" />
        <Dependent type="300" schemaName="new_podcasterdemov3_418bd" displayName="Podcaster Demo v3" />
      </MissingDependency>
      <MissingDependency>
        <Required type="1" schemaName="msdyn_aimodel" displayName="AI Model" solution="msdyn_AISolution (202411.1.0.2)">
          <package>msdyn_AISolutionAnchor (202411.1.0.2)</package>
        </Required>
        <Dependent type="300" schemaName="new_podcasterdemov3_418bd" displayName="Podcaster Demo v3" />
      </MissingDependency>
      <MissingDependency>
        <Required type="29" displayName="Podcaster - Generate Audio v2" solution="Active" id="{bbb288d9-1ca3-ef11-8a69-000d3a8c4ac7}" />
        <Dependent type="300" schemaName="new_podcasterdemov3_418bd" displayName="Podcaster Demo v3" />
      </MissingDependency>
      <MissingDependency>
        <Required type="29" displayName="Podcaster - Get Voices" solution="Active" id="{cfc41aec-1ca3-ef11-8a69-000d3a8c4ac7}" />
        <Dependent type="300" schemaName="new_podcasterdemov3_418bd" displayName="Podcaster Demo v3" />
      </MissingDependency>
      <MissingDependency>
        <Required type="connectionreference" displayName="new_sharedazureblob_29c7bc417e" solution="Active" id.connectionreferencelogicalname="new_sharedazureblob_29c7bc417e" />
        <Dependent type="29" displayName="Podcaster - Process Queue" id="{f18e98f3-b7a6-ef11-8a69-000d3a8d624e}" />
      </MissingDependency>
      <MissingDependency>
        <Required type="connectionreference" displayName="new_sharedazureblob_29c7bc417e" solution="Active" id.connectionreferencelogicalname="new_sharedazureblob_29c7bc417e" />
        <Dependent type="300" schemaName="new_podcasterdemov3_418bd" displayName="Podcaster Demo v3" />
      </MissingDependency>
      <MissingDependency>
        <Required type="connectionreference" displayName="new_sharedazurequeues_175a3" solution="Active" id.connectionreferencelogicalname="new_sharedazurequeues_175a3" />
        <Dependent type="29" displayName="Podcaster - Process Queue" id="{f18e98f3-b7a6-ef11-8a69-000d3a8d624e}" />
      </MissingDependency>
      <MissingDependency>
        <Required type="connectionreference" displayName="new_sharedazurequeues_b5b4d" solution="Active" id.connectionreferencelogicalname="new_sharedazurequeues_b5b4d" />
        <Dependent type="29" displayName="Podcaster - Generate Audio v4" id="{8aeed4cf-a5a6-ef11-8a69-000d3a8d624e}" />
      </MissingDependency>
      <MissingDependency>
        <Required type="connectionreference" displayName="new_sharedazurequeues_b5b4d" solution="Active" id.connectionreferencelogicalname="new_sharedazurequeues_b5b4d" />
        <Dependent type="29" displayName="Podcaster - Process Queue" id="{f18e98f3-b7a6-ef11-8a69-000d3a8d624e}" />
      </MissingDependency>
      <MissingDependency>
        <Required type="connectionreference" displayName="new_sharedazurequeues_b5b4d" solution="Active" id.connectionreferencelogicalname="new_sharedazurequeues_b5b4d" />
        <Dependent type="300" schemaName="new_podcasterdemov3_418bd" displayName="Podcaster Demo v3" />
      </MissingDependency>
      <MissingDependency>
        <Required type="connectionreference" displayName="new_sharedazuretexttospeech_29c7b1fec4" solution="Active" id.connectionreferencelogicalname="new_sharedazuretexttospeech_29c7b1fec4" />
        <Dependent type="300" schemaName="new_podcasterdemov3_418bd" displayName="Podcaster Demo v3" />
      </MissingDependency>
      <MissingDependency>
        <Required type="connectionreference" displayName="new_sharedcommondataserviceforapps_23e55" solution="Active" id.connectionreferencelogicalname="new_sharedcommondataserviceforapps_23e55" />
        <Dependent type="29" displayName="Podcaster SSML Generation v3" id="{12dd9ffb-70a5-ef11-8a69-000d3a8d624e}" />
      </MissingDependency>
      <MissingDependency>
        <Required type="connectionreference" displayName="new_sharedcommondataserviceforapps_3f0a2" solution="Active" id.connectionreferencelogicalname="new_sharedcommondataserviceforapps_3f0a2" />
        <Dependent type="29" displayName="Podcaster SSML Generation v3" id="{12dd9ffb-70a5-ef11-8a69-000d3a8d624e}" />
      </MissingDependency>
      <MissingDependency>
        <Required type="connectionreference" displayName="new_sharedcommondataserviceforapps_3f0a2" solution="Active" id.connectionreferencelogicalname="new_sharedcommondataserviceforapps_3f0a2" />
        <Dependent type="29" displayName="Podcaster - Generate Audio v4" id="{8aeed4cf-a5a6-ef11-8a69-000d3a8d624e}" />
      </MissingDependency>
      <MissingDependency>
        <Required type="connectionreference" displayName="new_sharedcommondataserviceforapps_3f0a2" solution="Active" id.connectionreferencelogicalname="new_sharedcommondataserviceforapps_3f0a2" />
        <Dependent type="29" displayName="Podcaster SSML Generation - Text v2" id="{ea3e0be0-1ca3-ef11-8a69-000d3a8c4ac7}" />
      </MissingDependency>
      <MissingDependency>
        <Required type="connectionreference" displayName="new_sharedsharepointonline_31858" solution="Active" id.connectionreferencelogicalname="new_sharedsharepointonline_31858" />
        <Dependent type="29" displayName="Podcaster SSML Generation v3" id="{12dd9ffb-70a5-ef11-8a69-000d3a8d624e}" />
      </MissingDependency>
      <MissingDependency>
        <Required type="connectionreference" displayName="new_sharedsharepointonline_41aa5" solution="Active" id.connectionreferencelogicalname="new_sharedsharepointonline_41aa5" />
        <Dependent type="29" displayName="Podcaster - Process Queue" id="{f18e98f3-b7a6-ef11-8a69-000d3a8d624e}" />
      </MissingDependency>
    </MissingDependencies>
  </SolutionManifest>
</ImportExportXml>