{
  "properties": {
    "connectionReferences": {
      "shared_azurequeues": {
        "api": {
          "name": "shared_azurequeues"
        },
        "connection": {
          "connectionReferenceLogicalName": "new_sharedazurequeues_175a3"
        },
        "runtimeSource": "embedded"
      },
      "shared_azurequeues-1": {
        "api": {
          "name": "shared_azurequeues"
        },
        "connection": {
          "connectionReferenceLogicalName": "new_sharedazurequeues_b5b4d"
        },
        "runtimeSource": "embedded"
      },
      "shared_azureblob-1": {
        "api": {
          "name": "shared_azureblob"
        },
        "connection": {
          "connectionReferenceLogicalName": "new_sharedazureblob_29c7bc417e"
        },
        "runtimeSource": "embedded"
      },
      "shared_sharepointonline": {
        "api": {
          "name": "shared_sharepointonline"
        },
        "connection": {
          "connectionReferenceLogicalName": "new_sharedsharepointonline_41aa5"
        },
        "runtimeSource": "embedded"
      }
    },
    "definition": {
      "$schema": "https://schema.management.azure.com/providers/Microsoft.Logic/schemas/2016-06-01/workflowdefinition.json#",
      "contentVersion": "1.0.0.0",
      "parameters": {
        "$authentication": {
          "defaultValue": {},
          "type": "SecureObject"
        },
        "$connections": {
          "defaultValue": {},
          "type": "Object"
        }
      },
      "triggers": {
        "When_there_are_messages_in_a_queue_(V2)": {
          "type": "OpenApiConnection",
          "inputs": {
            "parameters": {
              "queueName": "podcaster-finish",
              "storageAccountName": "AccountNameFromSettings"
            },
            "host": {
              "apiId": "/providers/Microsoft.PowerApps/apis/shared_azurequeues",
              "operationId": "OnMessages_V2",
              "connectionName": "shared_azurequeues"
            },
            "retryPolicy": {
              "type": "fixed",
              "count": 1,
              "interval": "PT20S"
            }
          },
          "recurrence": {
            "interval": 3,
            "frequency": "Minute"
          },
          "splitOn": "@triggerOutputs()?['body/QueueMessagesList/QueueMessage']"
        }
      },
      "actions": {
        "Condition": {
          "type": "If",
          "expression": {
            "and": [
              {
                "not": {
                  "equals": [
                    "@triggerOutputs()?['body/MessageId']",
                    ""
                  ]
                }
              }
            ]
          },
          "actions": {
            "Parse_JSON": {
              "type": "ParseJson",
              "inputs": {
                "content": "@triggerOutputs()?['body/MessageText']",
                "schema": {
                  "type": "object",
                  "properties": {
                    "ssml_content": {
                      "type": "string"
                    },
                    "ssml_file_name": {
                      "type": "string"
                    },
                    "mp3_file_name": {
                      "type": "string"
                    },
                    "title": {
                      "type": "string"
                    },
                    "description": {
                      "type": "string"
                    }
                  }
                }
              }
            },
            "Delete_message_(V2)": {
              "type": "OpenApiConnection",
              "inputs": {
                "parameters": {
                  "queueName": "podcaster-finish",
                  "messageId": "@triggerOutputs()?['body/MessageId']",
                  "popreceipt": "@triggerOutputs()?['body/PopReceipt']",
                  "storageAccountName": "AccountNameFromSettings"
                },
                "host": {
                  "apiId": "/providers/Microsoft.PowerApps/apis/shared_azurequeues",
                  "operationId": "DeleteMessage_V2",
                  "connectionName": "shared_azurequeues-1"
                }
              },
              "runAfter": {
                "Parse_JSON": [
                  "SUCCEEDED"
                ]
              }
            },
            "Create_Path": {
              "type": "Compose",
              "inputs": "podcaster-ssml/@{body('Parse_JSON')?['mp3_file_name']}",
              "runAfter": {
                "Delete_message_(V2)": [
                  "SUCCEEDED"
                ]
              }
            },
            "Get_blob_content_using_path_(V2)": {
              "type": "OpenApiConnection",
              "inputs": {
                "parameters": {
                  "dataset": "AccountNameFromSettings",
                  "path": "@outputs('Create_Path')",
                  "inferContentType": true
                },
                "host": {
                  "apiId": "/providers/Microsoft.PowerApps/apis/shared_azureblob",
                  "operationId": "GetFileContentByPath_V2",
                  "connectionName": "shared_azureblob-1"
                }
              },
              "runAfter": {
                "Create_Path": [
                  "SUCCEEDED"
                ]
              }
            },
            "Clean_Title": {
              "type": "Compose",
              "inputs": "@body('Parse_JSON')?['title']",
              "runAfter": {
                "Get_blob_content_using_path_(V2)": [
                  "SUCCEEDED"
                ]
              }
            },
            "Create_file": {
              "type": "OpenApiConnection",
              "inputs": {
                "parameters": {
                  "dataset": "https://mcfuzzysquirrel.sharepoint.com",
                  "folderPath": "/Shared Documents",
                  "name": "@body('Parse_JSON')?['mp3_file_name']",
                  "body": "@body('Get_blob_content_using_path_(V2)')"
                },
                "host": {
                  "apiId": "/providers/Microsoft.PowerApps/apis/shared_sharepointonline",
                  "operationId": "CreateFile",
                  "connectionName": "shared_sharepointonline"
                }
              },
              "runAfter": {
                "Clean_Title": [
                  "SUCCEEDED"
                ]
              },
              "runtimeConfiguration": {
                "contentTransfer": {
                  "transferMode": "Chunked"
                }
              }
            },
            "Update_file_properties": {
              "type": "OpenApiConnection",
              "inputs": {
                "parameters": {
                  "dataset": "https://mcfuzzysquirrel.sharepoint.com",
                  "table": "add42498-32e1-4f29-90c5-f18bcfae6fd9",
                  "id": "@outputs('Create_file')?['body/ItemId']",
                  "item/Title": "@replace(outputs('Clean_Title'), '_', ' ')",
                  "item/PodcastSummary": "@body('Parse_JSON')?['description']",
                  "item/OData__ExtendedDescription": "@body('Parse_JSON')?['description']"
                },
                "host": {
                  "apiId": "/providers/Microsoft.PowerApps/apis/shared_sharepointonline",
                  "operationId": "PatchFileItem",
                  "connectionName": "shared_sharepointonline"
                }
              },
              "runAfter": {
                "Create_file": [
                  "SUCCEEDED"
                ]
              }
            }
          },
          "else": {
            "actions": {}
          },
          "runAfter": {}
        }
      },
      "outputs": {}
    },
    "templateName": null
  },
  "schemaVersion": "1.0.0.0"
}