{
  "properties": {
    "connectionReferences": {
      "shared_commondataserviceforapps": {
        "runtimeSource": "embedded",
        "connection": {
          "connectionReferenceLogicalName": "new_sharedcommondataserviceforapps_3f0a2"
        },
        "api": {
          "name": "shared_commondataserviceforapps"
        }
      },
      "shared_azurequeues": {
        "runtimeSource": "invoker",
        "connection": {
          "connectionReferenceLogicalName": "new_sharedazurequeues_b5b4d"
        },
        "api": {
          "name": "shared_azurequeues"
        }
      }
    },
    "definition": {
      "$schema": "https://schema.management.azure.com/providers/Microsoft.Logic/schemas/2016-06-01/workflowdefinition.json#",
      "contentVersion": "undefined",
      "parameters": {
        "$connections": {
          "defaultValue": {},
          "type": "Object"
        },
        "$authentication": {
          "defaultValue": {},
          "type": "SecureObject"
        }
      },
      "triggers": {
        "manual": {
          "metadata": {
            "operationMetadataId": "fe7468a2-fbcf-481b-95a9-82d3f15aaf7c"
          },
          "type": "Request",
          "kind": "PowerAppV2",
          "inputs": {
            "schema": {
              "type": "object",
              "properties": {
                "text": {
                  "description": "Please enter your input",
                  "title": "SSML",
                  "type": "string",
                  "x-ms-content-hint": "TEXT",
                  "x-ms-dynamically-added": true
                }
              },
              "required": [
                "text"
              ]
            }
          }
        }
      },
      "actions": {
        "Create_text_with_GPT_using_a_prompt": {
          "runAfter": {
            "Initialize_Title": [
              "Succeeded"
            ]
          },
          "metadata": {
            "flowSystemMetadata": {
              "portalOperationId": "aibuilderpredict_customprompt",
              "portalOperationGroup": "aibuilder",
              "portalOperationApiDisplayNameOverride": "AI Builder",
              "portalOperationIconOverride": "https://content.powerapps.com/resource/makerx/static/pauto/images/designeroperations/aiBuilderNew.51dbdb6b.png",
              "portalOperationBrandColorOverride": "#0A76C4",
              "portalOperationApiTierOverride": "Standard"
            },
            "operationMetadataId": "f11742d8-cfc0-4b80-9407-48facacd917b"
          },
          "type": "OpenApiConnection",
          "inputs": {
            "parameters": {
              "recordId": "2f81f7f5-350f-4e91-8d7b-3ac2af27ae44",
              "item/requestv2/Content": "@triggerBody()?['text']"
            },
            "host": {
              "connectionName": "shared_commondataserviceforapps",
              "operationId": "aibuilderpredict_customprompt",
              "apiId": "/providers/Microsoft.PowerApps/apis/shared_commondataserviceforapps"
            },
            "authentication": "@parameters('$authentication')"
          }
        },
        "Parse_Title_and_Description": {
          "runAfter": {
            "Fetch_Title_and_Description": [
              "Succeeded"
            ]
          },
          "metadata": {
            "operationMetadataId": "db9c591b-b874-4b62-a379-afaed3911f19"
          },
          "type": "ParseJson",
          "inputs": {
            "content": "@outputs('Fetch_Title_and_Description')",
            "schema": {
              "type": "object",
              "properties": {
                "title": {
                  "type": "string"
                },
                "description": {
                  "type": "string"
                }
              }
            }
          }
        },
        "Fetch_Title_and_Description": {
          "runAfter": {
            "Create_text_with_GPT_using_a_prompt": [
              "Succeeded"
            ]
          },
          "metadata": {
            "operationMetadataId": "cb8fb6e7-8698-48bf-aa6b-ea1948bb9b6e"
          },
          "type": "Compose",
          "inputs": {
            "title": "@outputs('Create_text_with_GPT_using_a_prompt')?['body/responsev2/predictionOutput/structuredOutput/Title']",
            "description": "@outputs('Create_text_with_GPT_using_a_prompt')?['body/responsev2/predictionOutput/structuredOutput/Description']"
          }
        },
        "Initialize_Title": {
          "runAfter": {},
          "metadata": {
            "operationMetadataId": "9c13a0d0-181e-41f5-9d91-bc8702d26768"
          },
          "type": "InitializeVariable",
          "inputs": {
            "variables": [
              {
                "name": "itemTitle",
                "type": "string"
              }
            ]
          }
        },
        "Compose_SSML_Content": {
          "runAfter": {
            "Parse_Title_and_Description": [
              "Succeeded"
            ]
          },
          "metadata": {
            "operationMetadataId": "aab8eb60-f0a6-4062-9ad1-fb2f7856cf8f"
          },
          "type": "Compose",
          "inputs": {
            "ssml_content": "@{triggerBody()?['text']}",
            "ssml_file_name": "@{body('Parse_Title_and_Description')?['title']}.ssml",
            "mp3_file_name": "@{body('Parse_Title_and_Description')?['title']}.mp3",
            "title": "@{body('Parse_Title_and_Description')?['title']}",
            "description": "@{body('Parse_Title_and_Description')?['description']}"
          }
        },
        "Respond_to_a_Power_App_or_flow": {
          "runAfter": {
            "Put_a_message_on_a_queue_(V2)": [
              "Succeeded"
            ]
          },
          "metadata": {
            "operationMetadataId": "8b208b87-8708-4d8e-bfbd-a84529ec6130"
          },
          "type": "Response",
          "kind": "PowerApp",
          "inputs": {
            "statusCode": 200,
            "body": {
              "varstatus": "You podcast should be ready shortly!"
            },
            "schema": {
              "type": "object",
              "properties": {
                "varstatus": {
                  "title": "varStatus",
                  "x-ms-dynamically-added": true,
                  "type": "string"
                }
              }
            }
          }
        },
        "Put_a_message_on_a_queue_(V2)": {
          "runAfter": {
            "Compose_SSML_Content": [
              "Succeeded"
            ]
          },
          "metadata": {
            "operationMetadataId": "1c59779d-e5c0-4440-a764-beae6937d2cc"
          },
          "type": "OpenApiConnection",
          "inputs": {
            "parameters": {
              "queueName": "podcaster-start",
              "storageAccountName": "AccountNameFromSettings",
              "message": "@outputs('Compose_SSML_Content')"
            },
            "host": {
              "connectionName": "shared_azurequeues",
              "operationId": "PutMessage_V2",
              "apiId": "/providers/Microsoft.PowerApps/apis/shared_azurequeues"
            },
            "authentication": {
              "value": "@json(decodeBase64(triggerOutputs().headers['X-MS-APIM-Tokens']))['$ConnectionKey']",
              "type": "Raw"
            }
          }
        }
      }
    },
    "templateName": ""
  },
  "schemaVersion": "1.0.0.0"
}