{
  "properties": {
    "connectionReferences": {
      "shared_commondataserviceforapps": {
        "api": {
          "name": "shared_commondataserviceforapps"
        },
        "connection": {
          "connectionReferenceLogicalName": "new_sharedcommondataserviceforapps_23e55"
        },
        "runtimeSource": "embedded"
      },
      "shared_commondataserviceforapps-1": {
        "api": {
          "name": "shared_commondataserviceforapps"
        },
        "connection": {
          "connectionReferenceLogicalName": "new_sharedcommondataserviceforapps_3f0a2"
        },
        "runtimeSource": "embedded"
      },
      "shared_sharepointonline": {
        "api": {
          "name": "shared_sharepointonline"
        },
        "connection": {
          "connectionReferenceLogicalName": "new_sharedsharepointonline_31858"
        },
        "runtimeSource": "invoker"
      }
    },
    "definition": {
      "$schema": "https://schema.management.azure.com/providers/Microsoft.Logic/schemas/2016-06-01/workflowdefinition.json#",
      "contentVersion": "undefined",
      "parameters": {
        "$authentication": {
          "defaultValue": {},
          "type": "SecureObject"
        },
        "$connections": {
          "defaultValue": {},
          "type": "Object"
        }
      },
      "triggers": {
        "manual": {
          "type": "Request",
          "kind": "PowerAppV2",
          "inputs": {
            "schema": {
              "type": "object",
              "properties": {
                "text": {
                  "description": "",
                  "title": "StyleGuide",
                  "type": "string",
                  "x-ms-content-hint": "TEXT",
                  "x-ms-dynamically-added": true
                },
                "text_1": {
                  "description": "",
                  "title": "HostNames",
                  "type": "string",
                  "x-ms-content-hint": "TEXT",
                  "x-ms-dynamically-added": true
                },
                "text_2": {
                  "description": "",
                  "title": "AudienceStyle",
                  "type": "string",
                  "x-ms-content-hint": "TEXT",
                  "x-ms-dynamically-added": true
                },
                "text_3": {
                  "description": "",
                  "title": "PodcastTitle",
                  "type": "string",
                  "x-ms-content-hint": "TEXT",
                  "x-ms-dynamically-added": true
                },
                "text_4": {
                  "description": "",
                  "title": "fileName",
                  "type": "string",
                  "x-ms-content-hint": "TEXT",
                  "x-ms-dynamically-added": true
                },
                "text_5": {
                  "description": "",
                  "title": "rawContent",
                  "type": "string",
                  "x-ms-content-hint": "TEXT",
                  "x-ms-dynamically-added": true
                },
                "text_6": {
                  "description": "Please enter your input",
                  "title": "Voice1",
                  "type": "string",
                  "x-ms-content-hint": "TEXT",
                  "x-ms-dynamically-added": true
                },
                "text_7": {
                  "description": "Please enter your input",
                  "title": "Voice2",
                  "type": "string",
                  "x-ms-content-hint": "TEXT",
                  "x-ms-dynamically-added": true
                },
                "file": {
                  "description": "Please select file or image",
                  "title": "FileContent",
                  "type": "object",
                  "properties": {
                    "contentBytes": {
                      "type": "string",
                      "format": "byte"
                    },
                    "name": {
                      "type": "string"
                    }
                  },
                  "x-ms-content-hint": "FILE",
                  "x-ms-dynamically-added": true
                }
              },
              "required": [
                "text",
                "text_1",
                "text_2",
                "text_3",
                "text_6",
                "text_7",
                "file"
              ]
            }
          }
        }
      },
      "actions": {
        "Respond_to_a_Power_App_or_flow": {
          "type": "Response",
          "kind": "PowerApp",
          "inputs": {
            "schema": {
              "type": "object",
              "properties": {
                "varscript": {
                  "title": "varScript",
                  "type": "string",
                  "x-ms-content-hint": "TEXT",
                  "x-ms-dynamically-added": true
                },
                "varraw": {
                  "title": "varRaw",
                  "type": "string",
                  "x-ms-content-hint": "TEXT",
                  "x-ms-dynamically-added": true
                }
              },
              "additionalProperties": {}
            },
            "statusCode": 200,
            "body": {
              "varscript": "@{outputs('Create_text_with_GPT_using_a_prompt')?['body/responsev2/predictionOutput/text']}",
              "varraw": "@{outputs('Recognize_text_in_an_image_or_a_PDF_document')?['body/responsev2/predictionOutput/fullText']}"
            }
          },
          "runAfter": {
            "Set_variable_1": [
              "Succeeded"
            ]
          }
        },
        "Initialize_variable": {
          "type": "InitializeVariable",
          "inputs": {
            "variables": [
              {
                "name": "varContent",
                "type": "string",
                "value": "@base64ToString(triggerBody()?['file']?['contentBytes'])"
              }
            ]
          },
          "runAfter": {}
        },
        "Compose": {
          "type": "Compose",
          "inputs": "@triggerBody()?['file']?['contentBytes']",
          "runAfter": {
            "Initialize_variable": [
              "Succeeded"
            ]
          }
        },
        "Set_variable_1": {
          "type": "SetVariable",
          "inputs": {
            "name": "varContent",
            "value": "@outputs('Recognize_text_in_an_image_or_a_PDF_document')?['body/responsev2/predictionOutput/fullText']"
          },
          "runAfter": {
            "Create_text_with_GPT_using_a_prompt": [
              "Succeeded"
            ]
          }
        },
        "Create_text_with_GPT_using_a_prompt": {
          "type": "OpenApiConnection",
          "inputs": {
            "parameters": {
              "recordId": "0f0680e0-be08-4533-9247-3179dac71767",
              "item/requestv2/Tailormade_20Style": "@triggerBody()?['text_2']",
              "item/requestv2/Style_20Guide": "@triggerBody()?['text']",
              "item/requestv2/Content": "@outputs('Recognize_text_in_an_image_or_a_PDF_document')?['body/responsev2/predictionOutput/fullText']",
              "item/requestv2/Voice1": "@triggerBody()?['text_6']",
              "item/requestv2/Voice2": "@triggerBody()?['text_7']",
              "item/requestv2/Host_20Names": "@triggerBody()?['text_1']",
              "item/requestv2/Podcast_20Title": "@triggerBody()?['text_3']"
            },
            "host": {
              "apiId": "/providers/Microsoft.PowerApps/apis/shared_commondataserviceforapps",
              "operationId": "aibuilderpredict_customprompt",
              "connectionName": "shared_commondataserviceforapps"
            }
          },
          "runAfter": {
            "Recognize_text_in_an_image_or_a_PDF_document": [
              "Succeeded"
            ]
          },
          "metadata": {
            "flowSystemMetadata": {
              "portalOperationId": "aibuilderpredict_customprompt",
              "portalOperationGroup": "aibuilder",
              "portalOperationApiDisplayNameOverride": "AI Builder",
              "portalOperationIconOverride": "https://content.powerapps.com/resource/makerx/static/pauto/images/designeroperations/aiBuilderNew.51dbdb6b.png",
              "portalOperationBrandColorOverride": "#0A76C4",
              "portalOperationApiTierOverride": "Standard"
            }
          }
        },
        "Recognize_text_in_an_image_or_a_PDF_document": {
          "type": "OpenApiConnection",
          "inputs": {
            "parameters": {
              "item/requestv2/base64Encoded": "@outputs('Compose')"
            },
            "host": {
              "apiId": "providers/Microsoft.ProcessSimple/operationGroups/aibuilder",
              "operationId": "aibuilderpredict_textrecognition",
              "connectionName": "shared_commondataserviceforapps-1"
            }
          },
          "runAfter": {
            "Compose": [
              "Succeeded"
            ]
          }
        },
        "Create_item": {
          "type": "OpenApiConnection",
          "inputs": {
            "parameters": {
              "dataset": "https://mcfuzzysquirrel.sharepoint.com",
              "table": "5aca9e84-c36d-4957-9829-7f5f457fd02f",
              "item/Title": "@triggerBody()?['text_3']",
              "item/SSML": "@outputs('Create_text_with_GPT_using_a_prompt')?['body/responsev2/predictionOutput/text']",
              "item/OriginalText": "@outputs('Recognize_text_in_an_image_or_a_PDF_document')?['body/responsev2/predictionOutput/fullText']"
            },
            "host": {
              "apiId": "/providers/Microsoft.PowerApps/apis/shared_sharepointonline",
              "operationId": "PostItem",
              "connectionName": "shared_sharepointonline"
            }
          },
          "runAfter": {
            "Respond_to_a_Power_App_or_flow": [
              "Succeeded"
            ]
          }
        }
      }
    },
    "templateName": null
  },
  "schemaVersion": "1.0.0.0"
}